日程,住宿,主题与安排,执行提示
D1 / 9/28 周一,"22 Summits Boutique Hotel
Zermatt · 1/1",Genève-Aéroport → Visp → Zermatt：CA861 07:40 抵达后直接进山；入住 22 Summits Boutique Hotel，村内散步与 Matterhorn 日落。,红眼后不住 Riffelberg；酒店提供 08:00–18:00 免费 Zermatt station 接站，到站前约 15 分钟致电 +41 27 966 35 22。
D2 / 9/29 周二,"Hotel Eden Spiez
Spiez · 1/1",Gornergrat → Rotenboden → Riffelsee → Riffelberg → Spiez：上午齿轨上 Gornergrat，下至 Rotenboden，经 Riffelsee 缓下坡步行至 Riffelberg，回 Zermatt station 取行李。14:37 Zermatt station MGB R41 → 15:47 Visp；15:54 Visp IC 6 → 16:21 Spiez。全程 1h44 一次换乘。,全程 1h44 一次换乘；22 Summits 已确认 08:00–18:00 免费接站；D2 前往 Gornergrat 与回站取行李的送站/行李协助仍需向酒店确认；到 Spiez 后可先泡 Eden Spa。
D3 / 9/30 周三,"Hotel Belvedere Grindelwald
Grindelwald · 1/2",Spiez → Grindelwald：10:00–11:15 Spiez Castle / church；11:15–12:00 Spiez Bay 与 Lake Thun；12:00–13:00 Vineyard Sensory Adventure Trail。14:35 Spiez IC 81 → 14:59 Interlaken Ost；15:04 BOB R61 → 15:40 Grindelwald。,Eden 早餐后步行约 10–12 分钟下山至 Spiez Castle（10:00 开放）；转场 1h05 一次换乘。备选：13:35 Spiez → 14:40 Grindelwald；或 15:05 → 16:10。Five Lakes Walk 已取消；Lauterbrunnen 留给 D4。入住 Hotel Belvedere（距车站约 300m）。
D4 / 10/1 周四,"Hotel Belvedere Grindelwald
Grindelwald · 2/2",Jungfraujoch + Lauterbrunnen 备选。主线：Grindelwald Terminal → Eiger Express → Eigergletscher → Jungfraujoch → Kleine Scheidegg；若未去 Lauterbrunnen：Kleine Scheidegg → Wengen → Lauterbrunnen → Zweilütschinen → Grindelwald。,Jungfraujoch 停留控制 2.5–3 h；若云量、排队或体力不理想，直接从 Kleine Scheidegg 回 Grindelwald。往 Terminal：步行约 300m 至 Grindelwald station 乘 BOB R61（约 5 分钟），或村内巴士约 12 分钟。上山强制预留（5/1–10/31，CHF 10/人含往返）。
D5 / 10/2 周五,"Mandarin Oriental Palace Luzern
Luzern · 1/2",First + Bachalpsee + Trotti Bike → Luzern：09:00 Grindelwald Firstbahn → 09:25 First；09:30–11:30 Bachalpsee 往返徒步；11:35 缆车下行 Bort；11:45–12:30 Trotti Bike → Grindelwald；12:30–13:30 谷底快速午餐取行李。13:47 Grindelwald station BOB R61 → 14:24 Interlaken Ost；15:04 PE LIX → 16:55 Luzern。,全程约 3h08 一次换乘；入住湖畔 Mandarin Oriental Palace Luzern。Trotti Bike 为季节项目，10/2 运营需向 Firstbahn 确认。
D6 / 10/3 周六,"Mandarin Oriental Palace Luzern
Luzern · 2/2",Luzern → Rigi → Luzern 宽松日：11:12 Luzern Bahnhofquai pier 1 SGV ship 3600 → 12:09 Vitznau；12:15 Rigi Bahn 82 → 12:47 Rigi Kulm（山顶午餐观景）。默认下山：14:48 Rigi Bahn 81 → 15:35 Arth-Goldau RB；15:49 IR VAE → 16:21 Luzern。可选 Weggis 线（天气好时）：Kulm 齿轨 → Rigi Kaltbad → Luftseilbahn → Weggis → 湖船回 Luzern，约 17:15–17:45。,STP 覆盖船、两侧齿轨与 Kaltbad–Weggis 缆车。Weggis 线晚约 1 小时。缆车 10 月初运营出发前确认；晚餐提前预订 MOzern / Colonnade 并备注生日。
D7 / 10/4 周日,"7132 House of Architects
Vals · 1/1","Luzern → Zürich → Chur → Ilanz → Vals：11:09 Luzern IR70 → 11:51 Zürich HB；12:02 IC3 → 13:22 Chur；13:51 RhB IR38 → 14:01 Reichenau-Tamins（1 分钟换乘）；14:04 RE7 → 14:29 Ilanz；14:34 PostAuto 431 Ilanz, Bahnhof/Post → 15:05 Vals, Therme。入住 7132，下午/晚间 Therme Vals。",房间 15:00 起入住、15:05 抵达正合适；Therme 周日开放至 20:00，当晚另有 Night Bathing 23:00–01:00；Early Booking Rate 含 7132 Red 早餐与温泉；Reichenau-Tamins 换乘仅 1 分钟。
D8 / 10/5 周一,"Zurich Marriott Hotel
Zürich · 1/1","Vals → Zürich + ETH：09:44 Vals, Post PostAuto 431 → 10:24 Ilanz；10:30 RhB RE7 → 11:05 Chur；11:08 IC3 → 12:24 Zürich HB。约 12:45 入住 Zurich Marriott；13:30–15:00 参观 ETH Main Building F floor Einstein Locker Room。",Early Booking Rate 含 7132 Red 早餐与温泉；周一餐厅 12:00 关闭、Therme 周一开放 11:00–18:00，09:44 出发前无法泡汤，早餐供应时段提前确认；ETH 主楼开放时间出发前确认。
D9 / 10/6 周二,"Basel Marriott Hotel
Basel · 1/1",Zürich → Basel Marriott → Vitra Campus：09:59 Zürich HB ICE 108 → 10:52 Basel SBB；taxi 至 Basel Marriott 办入住放行李；约 11:15 跨境 taxi → Vitra Campus（预计 11:35–11:45 到，开放至 18:00）。,留 3–4 小时参观；带护照；Vitra 门票、taxi 与德国境内交通不含 STP。跨境 taxi 请 Basel Marriott 前台安排。
D10 / 10/7 周三,"Geneva Marriott Hotel
Genève · 1/1","Fondation Beyeler → Bern → Genève：09:35 Messeplatz tram 6 → 09:50 Riehen, Fondation Beyeler；10:00–12:15 参观；12:21 返回 Messeplatz，回 Basel Marriott 取行李；12:46 Messeplatz tram 2 → 12:53 Basel SBB；13:30 IC 61 → 14:26 Bern；14:35–18:10 Bern 老城与爱因斯坦主题步行（Bundesplatz、Zytglogge、Kramgasse 49 Einstein House、Münster、Einstein Museum）；18:34 IC 1 → 20:25 Genève，同车 → 20:37 Genève-Aéroport。",Bern 的 Einstein House 与 Einstein Museum 周三均开放。Geneva Marriott 提供往返 Geneva Airport 的免费接送；班次与上车点提前确认。
D11 / 10/8 周四,—,Genève → Beijing：约 10:00 搭 Geneva Marriott 免费机场接送前往 Genève-Aéroport；具体班次提前向酒店确认；办理托运安检后，13:20 Genève-Aéroport CA862 起飞。,提前与酒店确认免费机场接送班次与上车点；护照、机票、通票与贵重物品随身携带。
